<?xml version="1.0" encoding="UTF-8"?>
<!DOCTYPE log4j:configuration SYSTEM "log4j.dtd">

<!-- ===================================================================== -->
<!-- -->
<!-- Log4j Configuration -->
<!-- -->
<!-- ===================================================================== -->

<!-- $Id: log4j.xml,v 1.1.2.4 2005/10/06 23:05:58 bill Exp $ -->

<!--
| For more configuration infromation and examples see the Jakarta Log4j
| owebsite: http://jakarta.apache.org/log4j
-->

<log4j:configuration xmlns:log4j="http://jakarta.apache.org/log4j/" debug="false">

   <appender name="CONSOLE" class="org.apache.log4j.ConsoleAppender">
      <param name="Target" value="System.out"/>
      <param name="Threshold" value="DEBUG"/>

      <layout class="org.apache.log4j.PatternLayout">
         <!-- The default pattern: Date Priority [Category] Messagen -->
         <!--
<param name="ConversionPattern" value="%d{ABSOLUTE} %-5p [%c{1}] %m%n"/>
-->
         <!--
NOTE: %F:%M:%L (File:Method:Line) is useless because of the way Kettle logs messages.
They always show up as coming from the LogWriter class. Also, it is expensive to
generate the location information (although since there is only ever one location
I imagine it gets cached and reused throughout the life of the application).
<param name="ConversionPattern" value="%-5p %d{dd-MM HH:mm:ss,SSS} (%F:%M:%L) -%m%n"/>
-->
         <param name="ConversionPattern" value="%-5p [%d{MM-dd HH:mm:ss,SSS}] - %m%n"/>
      </layout>
   </appender>
   
    <!-- A time/date based rolling appender -->
   <appender name="ADCHOCFILE" class="org.apache.log4j.DailyRollingFileAppender">

      <param name="File" value="../logs/adhoc.log"/>
      <param name="Append" value="false"/>

      <!-- Rollover at midnight each day -->
      <param name="DatePattern" value="'.'yyyy-MM-dd"/>

      <!-- Rollover at the top of each hour
<param name="DatePattern" value="'.'yyyy-MM-dd-HH"/>
-->

      <layout class="org.apache.log4j.PatternLayout">
         <!-- The default pattern: Date Priority [Category] Message\n -->
         <param name="ConversionPattern" value="%d %-5p [%c] %m%n"/>

         <!-- The full pattern: Date MS Priority [Category] (Thread:NDC) Message\n
<param name="ConversionPattern" value="%d %-5r %-5p [%c] (%t:%x) %m%n"/>
-->
      </layout>
   </appender>

    <category name="org.saiku.adhoc">
       <priority value="DEBUG"/>
    </category>

   <root>
      <priority value="DEBUG"/>
      <appender-ref ref="ADHOCFILE"/>
      <appender-ref ref="CONSOLE"/>
   </root>

</log4j:configuration>
